unit,n,floor,system,auc,acc,sens,spec,fn
IMAGE,378,0.7,S1,0.8769031422092647,0.8174603174603174,0.7551020408163265,0.8571428571428571,36
IMAGE,378,0.7,S2,0.8769031422092647,0.8201058201058201,0.8299319727891157,0.8138528138528138,25
IMAGE,378,0.7,S3,0.9061460081868244,0.8412698412698413,0.7959183673469388,0.8701298701298701,30
IMAGE,378,0.7,S4,0.9061460081868244,0.8253968253968254,0.7551020408163265,0.8701298701298701,36
IMAGE,378,0.75,S1,0.8769031422092647,0.8174603174603174,0.7551020408163265,0.8571428571428571,36
IMAGE,378,0.75,S2,0.8769031422092647,0.8306878306878307,0.782312925170068,0.8614718614718615,32
IMAGE,378,0.75,S3,0.9061460081868244,0.8412698412698413,0.7959183673469388,0.8701298701298701,30
IMAGE,378,0.75,S4,0.9061460081868244,0.8253968253968254,0.7551020408163265,0.8701298701298701,36
IMAGE,378,0.8,S1,0.8769031422092647,0.8015873015873016,0.8231292517006803,0.7878787878787878,26
IMAGE,378,0.8,S2,0.8769031422092647,0.8174603174603174,0.8367346938775511,0.8051948051948052,24
IMAGE,378,0.8,S3,0.9061460081868244,0.8412698412698413,0.7959183673469388,0.8701298701298701,30
IMAGE,378,0.8,S4,0.9061460081868244,0.8253968253968254,0.7551020408163265,0.8701298701298701,36
IMAGE,378,0.85,S1,0.8769031422092647,0.7936507936507936,0.8231292517006803,0.7748917748917749,26
IMAGE,378,0.85,S2,0.8769031422092647,0.8174603174603174,0.8367346938775511,0.8051948051948052,24
IMAGE,378,0.85,S3,0.9061460081868244,0.8121693121693122,0.8707482993197279,0.7748917748917749,19
IMAGE,378,0.85,S4,0.9061460081868244,0.8253968253968254,0.8163265306122449,0.8311688311688312,27
IMAGE,378,0.88,S1,0.8769031422092647,0.7698412698412699,0.8571428571428571,0.7142857142857143,21
IMAGE,378,0.88,S2,0.8769031422092647,0.8201058201058201,0.8707482993197279,0.7878787878787878,19
IMAGE,378,0.88,S3,0.9061460081868244,0.8015873015873016,0.8775510204081632,0.7532467532467533,18
IMAGE,378,0.88,S4,0.9061460081868244,0.8121693121693122,0.8707482993197279,0.7748917748917749,19
IMAGE,378,0.9,S1,0.8769031422092647,0.7566137566137566,0.8843537414965986,0.6753246753246753,17
IMAGE,378,0.9,S2,0.8769031422092647,0.8095238095238095,0.8775510204081632,0.7662337662337663,18
IMAGE,378,0.9,S3,0.9061460081868244,0.791005291005291,0.8843537414965986,0.7316017316017316,17
IMAGE,378,0.9,S4,0.9061460081868244,0.8015873015873016,0.8843537414965986,0.7489177489177489,17
IMAGE,378,0.92,S1,0.8769031422092647,0.7328042328042328,0.9047619047619048,0.6233766233766234,14
IMAGE,378,0.92,S2,0.8769031422092647,0.783068783068783,0.9047619047619048,0.7056277056277056,14
IMAGE,378,0.92,S3,0.9061460081868244,0.7777777777777778,0.9047619047619048,0.696969696969697,14
IMAGE,378,0.92,S4,0.9061460081868244,0.7777777777777778,0.9047619047619048,0.696969696969697,14
IMAGE,378,0.95,S1,0.8769031422092647,0.6534391534391535,0.9591836734693877,0.4588744588744589,6
IMAGE,378,0.95,S2,0.8769031422092647,0.7354497354497355,0.9523809523809523,0.5974025974025974,7
IMAGE,378,0.95,S3,0.9061460081868244,0.7328042328042328,0.9523809523809523,0.5930735930735931,7
IMAGE,378,0.95,S4,0.9061460081868244,0.7407407407407407,0.9387755102040817,0.6147186147186147,9
LESION,223,0.7,S1,0.9043272481406356,0.852017937219731,0.8160919540229885,0.875,16
LESION,223,0.7,S2,0.9043272481406356,0.852017937219731,0.7816091954022989,0.8970588235294118,19
LESION,223,0.7,S3,0.9320486815415822,0.852017937219731,0.8735632183908046,0.8382352941176471,11
LESION,223,0.7,S4,0.9320486815415822,0.8654708520179372,0.8275862068965517,0.8897058823529411,15
LESION,223,0.75,S1,0.9043272481406356,0.852017937219731,0.8160919540229885,0.875,16
LESION,223,0.75,S2,0.9043272481406356,0.852017937219731,0.7816091954022989,0.8970588235294118,19
LESION,223,0.75,S3,0.9320486815415822,0.852017937219731,0.8735632183908046,0.8382352941176471,11
LESION,223,0.75,S4,0.9320486815415822,0.8654708520179372,0.8275862068965517,0.8897058823529411,15
LESION,223,0.8,S1,0.9043272481406356,0.852017937219731,0.8160919540229885,0.875,16
LESION,223,0.8,S2,0.9043272481406356,0.852017937219731,0.7816091954022989,0.8970588235294118,19
LESION,223,0.8,S3,0.9320486815415822,0.852017937219731,0.8735632183908046,0.8382352941176471,11
LESION,223,0.8,S4,0.9320486815415822,0.8654708520179372,0.8275862068965517,0.8897058823529411,15
LESION,223,0.85,S1,0.9043272481406356,0.820627802690583,0.8390804597701149,0.8088235294117647,14
LESION,223,0.85,S2,0.9043272481406356,0.852017937219731,0.7816091954022989,0.8970588235294118,19
LESION,223,0.85,S3,0.9320486815415822,0.852017937219731,0.8735632183908046,0.8382352941176471,11
LESION,223,0.85,S4,0.9320486815415822,0.8565022421524664,0.8735632183908046,0.8455882352941176,11
LESION,223,0.88,S1,0.9043272481406356,0.8295964125560538,0.8735632183908046,0.8014705882352942,11
LESION,223,0.88,S2,0.9043272481406356,0.8565022421524664,0.8505747126436781,0.8602941176470589,13
LESION,223,0.88,S3,0.9320486815415822,0.852017937219731,0.8735632183908046,0.8382352941176471,11
LESION,223,0.88,S4,0.9320486815415822,0.8475336322869955,0.8735632183908046,0.8308823529411765,11
LESION,223,0.9,S1,0.9043272481406356,0.7982062780269058,0.8735632183908046,0.75,11
LESION,223,0.9,S2,0.9043272481406356,0.8565022421524664,0.8850574712643678,0.8382352941176471,10
LESION,223,0.9,S3,0.9320486815415822,0.8385650224215246,0.8850574712643678,0.8088235294117647,10
LESION,223,0.9,S4,0.9320486815415822,0.852017937219731,0.8850574712643678,0.8308823529411765,10
LESION,223,0.92,S1,0.9043272481406356,0.7802690582959642,0.896551724137931,0.7058823529411765,9
LESION,223,0.92,S2,0.9043272481406356,0.8340807174887892,0.9195402298850575,0.7794117647058824,7
LESION,223,0.92,S3,0.9320486815415822,0.820627802690583,0.9195402298850575,0.7573529411764706,7
LESION,223,0.92,S4,0.9320486815415822,0.8385650224215246,0.896551724137931,0.8014705882352942,9
LESION,223,0.95,S1,0.9043272481406356,0.6995515695067265,0.9540229885057471,0.5367647058823529,4
LESION,223,0.95,S2,0.9043272481406356,0.7847533632286996,0.9540229885057471,0.6764705882352942,4
LESION,223,0.95,S3,0.9320486815415822,0.7982062780269058,0.9540229885057471,0.6985294117647058,4
LESION,223,0.95,S4,0.9320486815415822,0.7982062780269058,0.9540229885057471,0.6985294117647058,4
BREAST,210,0.7,S1,0.9015529411764706,0.8238095238095238,0.8352941176470589,0.816,14
BREAST,210,0.7,S2,0.9015529411764706,0.8380952380952381,0.7647058823529411,0.888,20
BREAST,210,0.7,S3,0.9228235294117647,0.8380952380952381,0.8588235294117647,0.824,12
BREAST,210,0.7,S4,0.9228235294117647,0.8428571428571429,0.7529411764705882,0.904,21
BREAST,210,0.75,S1,0.9015529411764706,0.8238095238095238,0.8352941176470589,0.816,14
BREAST,210,0.75,S2,0.9015529411764706,0.8380952380952381,0.7647058823529411,0.888,20
BREAST,210,0.75,S3,0.9228235294117647,0.8380952380952381,0.8588235294117647,0.824,12
BREAST,210,0.75,S4,0.9228235294117647,0.8428571428571429,0.7529411764705882,0.904,21
BREAST,210,0.8,S1,0.9015529411764706,0.8238095238095238,0.8352941176470589,0.816,14
BREAST,210,0.8,S2,0.9015529411764706,0.8380952380952381,0.7647058823529411,0.888,20
BREAST,210,0.8,S3,0.9228235294117647,0.8380952380952381,0.8588235294117647,0.824,12
BREAST,210,0.8,S4,0.9228235294117647,0.8428571428571429,0.7529411764705882,0.904,21
BREAST,210,0.85,S1,0.9015529411764706,0.8238095238095238,0.8470588235294118,0.808,13
BREAST,210,0.85,S2,0.9015529411764706,0.8380952380952381,0.7647058823529411,0.888,20
BREAST,210,0.85,S3,0.9228235294117647,0.8380952380952381,0.8588235294117647,0.824,12
BREAST,210,0.85,S4,0.9228235294117647,0.8476190476190476,0.8705882352941177,0.832,11
BREAST,210,0.88,S1,0.9015529411764706,0.8238095238095238,0.8823529411764706,0.784,10
BREAST,210,0.88,S2,0.9015529411764706,0.8476190476190476,0.8823529411764706,0.824,10
BREAST,210,0.88,S3,0.9228235294117647,0.8380952380952381,0.8588235294117647,0.824,12
BREAST,210,0.88,S4,0.9228235294117647,0.8380952380952381,0.8705882352941177,0.816,11
BREAST,210,0.9,S1,0.9015529411764706,0.7857142857142857,0.8941176470588236,0.712,9
BREAST,210,0.9,S2,0.9015529411764706,0.8476190476190476,0.8823529411764706,0.824,10
BREAST,210,0.9,S3,0.9228235294117647,0.8380952380952381,0.8705882352941177,0.816,11
BREAST,210,0.9,S4,0.9228235294117647,0.8380952380952381,0.8705882352941177,0.816,11
BREAST,210,0.92,S1,0.9015529411764706,0.780952380952381,0.9058823529411765,0.696,8
BREAST,210,0.92,S2,0.9015529411764706,0.8238095238095238,0.8941176470588236,0.776,9
BREAST,210,0.92,S3,0.9228235294117647,0.8333333333333334,0.9058823529411765,0.784,8
BREAST,210,0.92,S4,0.9228235294117647,0.8095238095238095,0.9058823529411765,0.744,8
BREAST,210,0.95,S1,0.9015529411764706,0.7095238095238096,0.9529411764705882,0.544,4
BREAST,210,0.95,S2,0.9015529411764706,0.8047619047619048,0.9294117647058824,0.72,6
BREAST,210,0.95,S3,0.9228235294117647,0.8095238095238095,0.9529411764705882,0.712,4
BREAST,210,0.95,S4,0.9228235294117647,0.8047619047619048,0.9411764705882353,0.712,5
PATIENT,201,0.7,S1,0.9040567951318458,0.8208955223880597,0.8352941176470589,0.8103448275862069,14
PATIENT,201,0.7,S2,0.9040567951318458,0.845771144278607,0.8352941176470589,0.853448275862069,14
PATIENT,201,0.7,S3,0.9228194726166329,0.8507462686567164,0.8588235294117647,0.8448275862068966,12
PATIENT,201,0.7,S4,0.9228194726166329,0.8407960199004975,0.7411764705882353,0.9137931034482759,22
PATIENT,201,0.75,S1,0.9040567951318458,0.8208955223880597,0.8352941176470589,0.8103448275862069,14
PATIENT,201,0.75,S2,0.9040567951318458,0.845771144278607,0.8352941176470589,0.853448275862069,14
PATIENT,201,0.75,S3,0.9228194726166329,0.8507462686567164,0.8588235294117647,0.8448275862068966,12
PATIENT,201,0.75,S4,0.9228194726166329,0.8407960199004975,0.7411764705882353,0.9137931034482759,22
PATIENT,201,0.8,S1,0.9040567951318458,0.8208955223880597,0.8352941176470589,0.8103448275862069,14
PATIENT,201,0.8,S2,0.9040567951318458,0.845771144278607,0.8352941176470589,0.853448275862069,14
PATIENT,201,0.8,S3,0.9228194726166329,0.8507462686567164,0.8588235294117647,0.8448275862068966,12
PATIENT,201,0.8,S4,0.9228194726166329,0.8407960199004975,0.7411764705882353,0.9137931034482759,22
PATIENT,201,0.85,S1,0.9040567951318458,0.8258706467661692,0.8823529411764706,0.7844827586206896,10
PATIENT,201,0.85,S2,0.9040567951318458,0.845771144278607,0.8352941176470589,0.853448275862069,14
PATIENT,201,0.85,S3,0.9228194726166329,0.8407960199004975,0.8705882352941177,0.8189655172413793,11
PATIENT,201,0.85,S4,0.9228194726166329,0.8557213930348259,0.8705882352941177,0.8448275862068966,11
PATIENT,201,0.88,S1,0.9040567951318458,0.8258706467661692,0.8823529411764706,0.7844827586206896,10
PATIENT,201,0.88,S2,0.9040567951318458,0.8507462686567164,0.8823529411764706,0.8275862068965517,10
PATIENT,201,0.88,S3,0.9228194726166329,0.8407960199004975,0.8705882352941177,0.8189655172413793,11
PATIENT,201,0.88,S4,0.9228194726166329,0.8407960199004975,0.8705882352941177,0.8189655172413793,11
PATIENT,201,0.9,S1,0.9040567951318458,0.7910447761194029,0.8941176470588236,0.7155172413793104,9
PATIENT,201,0.9,S2,0.9040567951318458,0.8507462686567164,0.8823529411764706,0.8275862068965517,10
PATIENT,201,0.9,S3,0.9228194726166329,0.835820895522388,0.8941176470588236,0.7931034482758621,9
PATIENT,201,0.9,S4,0.9228194726166329,0.845771144278607,0.8823529411764706,0.8189655172413793,10
PATIENT,201,0.92,S1,0.9040567951318458,0.7512437810945274,0.9294117647058824,0.6206896551724138,6
PATIENT,201,0.92,S2,0.9040567951318458,0.8258706467661692,0.9176470588235294,0.7586206896551724,7
PATIENT,201,0.92,S3,0.9228194726166329,0.835820895522388,0.9058823529411765,0.7844827586206896,8
PATIENT,201,0.92,S4,0.9228194726166329,0.8258706467661692,0.9058823529411765,0.7672413793103449,8
PATIENT,201,0.95,S1,0.9040567951318458,0.6965174129353234,0.9529411764705882,0.5086206896551724,4
PATIENT,201,0.95,S2,0.9040567951318458,0.8059701492537313,0.9294117647058824,0.7155172413793104,6
PATIENT,201,0.95,S3,0.9228194726166329,0.7960199004975125,0.9529411764705882,0.6810344827586207,4
PATIENT,201,0.95,S4,0.9228194726166329,0.7910447761194029,0.9411764705882353,0.6810344827586207,5
