abn,full_h,full_w,mask_h,mask_w,roi_h,roi_w
calcification,4552,2760,345,236,345,236
mass,5491,2911,399,465,399,465
mass,4632,2832,248,260,248,260
calcification,5971,3256,311,287,311,287
mass,6541,4891,281,285,281,285
calcification,5191,3256,1633,1893,1633,1893
calcification,5386,3676,405,413,405,413
calcification,5071,2626,241,601,241,601
calcification,4651,1996,176,206,176,206
mass,4536,3056,180,257,180,257
calcification,5688,3920,441,377,441,377
mass,6871,3316,363,386,363,386
calcification,6091,3616,153,177,153,177
calcification,5528,4112,161,177,161,177
calcification,5672,4064,217,201,217,201
calcification,4624,2784,481,301,481,301
calcification,5491,2986,449,465,449,465
mass,6391,3376,294,270,294,270
mass,4696,2640,4696,2640,514,625
calcification,5488,3952,225,201,225,201
calcification,4560,3008,441,921,441,921
mass,4776,2768,365,362,365,362
calcification,4752,2808,305,249,305,249
mass,6631,5386,320,240,320,240
mass,4608,2912,4608,2912,239,227
mass,5176,2251,484,432,484,432
mass,5311,2551,5311,2551,353,318
calcification,4592,3016,193,193,193,193
calcification,5491,3016,217,169,217,169
mass,5296,3384,392,340,392,340
calcification,5584,4128,257,185,257,185
mass,4640,3240,337,409,337,409
mass,6871,3451,391,471,391,471
mass,5904,3752,292,287,292,287
calcification,5236,2926,425,497,425,497
mass,5491,2761,5491,2761,211,216
mass,4760,2576,558,470,558,470
mass,4744,2528,680,492,680,492
mass,6032,4256,301,272,301,272
mass,4744,2528,4744,2528,490,443
calcification,5281,2701,457,433,457,433
mass,5696,3808,270,322,270,322
calcification,4728,2832,265,257,265,257
mass,5816,4088,329,373,329,373
mass,5146,2746,4478,2390,293,312
calcification,4488,3056,89,97,89,97
calcification,6496,4081,141,216,141,216
calcification,4528,3032,129,121,129,116
calcification,4624,2912,329,1081,329,1081
mass,4520,3024,282,299,282,299
calcification,5986,3076,1773,1885,1773,1885
calcification,5232,3888,137,153,137,153
mass,4640,3280,201,221,201,221
mass,5341,3526,5341,3526,394,393
calcification,4416,2992,729,612,729,612
mass,5311,2521,5311,2521,239,290
calcification,5896,3312,273,265,273,265
mass,4800,3136,296,348,296,348
calcification,4592,3128,144,129,141,129
mass,5236,2521,277,281,277,281
mass,4696,3096,4696,3096,236,255
calcification,5544,3736,305,297,305,297
mass,4440,2952,441,381,441,381
mass,4712,2960,624,543,624,543
calcification,6646,3826,152,191,152,191
calcification,6316,3256,537,513,537,513
calcification,4126,1546,265,169,265,169
mass,6346,2911,6346,2911,396,402
calcification,5491,3001,201,353,201,353
mass,4704,2840,228,203,228,203
calcification,5872,3640,753,1305,753,1305
mass,4664,2616,460,378,460,378
calcification,5491,2941,233,217,233,217
mass,4996,2341,4996,2341,345,340
calcification,4528,2992,249,241,249,241
mass,4736,2696,4736,2696,255,234
mass,6151,3496,264,278,263,278
mass,4680,2496,4680,2496,322,288
mass,4608,2720,4608,2720,265,245
mass,5386,3226,4686,2807,366,344
calcification,4736,2656,521,377,521,377
calcification,5664,3736,865,865,865,865
mass,5146,2221,5146,2221,601,701
calcification,5491,2506,191,162,191,162
mass,5800,4096,849,637,849,637
calcification,4711,2296,953,817,953,817
mass,5776,4064,357,387,357,387
mass,5491,2686,408,439,408,439
calcification,4800,2720,905,924,905,924
calcification,4536,2952,273,225,273,225
mass,4696,2671,257,250,257,250
calcification,4352,3008,121,153,121,153
calcification,4552,3016,113,105,113,105
mass,4680,2792,4680,2792,256,358
mass,5904,3600,424,472,424,472
calcification,6871,3631,153,185,153,185
calcification,5491,3016,409,473,409,473
calcification,5824,4104,521,945,521,941
mass,6646,3811,336,369,336,369
mass,6916,3496,449,434,449,434
calcification,4544,2904,313,313,313,313
mass,4666,2611,4666,2611,365,449
calcification,5840,3888,169,129,169,129
calcification,5491,3196,1249,1049,1249,1049
mass,4552,2976,4552,2976,229,314
mass,5386,3391,4686,2951,188,164
calcification,4776,3112,121,105,121,105
mass,4880,2776,4880,2776,543,591
mass,4951,3226,4951,3226,202,220
calcification,4448,2840,1449,868,1449,868
mass,5986,3841,252,394,252,394
mass,6856,3901,193,190,190,190
calcification,6226,4261,697,649,697,649
calcification,4824,2632,1385,1577,1385,1577
calcification,5491,2956,215,278,215,278
calcification,5311,2956,841,905,841,905
calcification,4448,2832,593,721,593,721
mass,4516,2386,440,543,440,543
mass,5491,2941,636,583,636,583
calcification,5941,3436,129,201,129,201
calcification,5491,3571,417,353,417,353
calcification,5632,3896,297,220,297,220
mass,4464,3056,340,354,340,354
mass,6016,3241,6016,3241,274,206
mass,4616,3040,4616,3040,234,238
mass,4640,2752,4640,2752,678,689
calcification,5800,4064,169,209,169,209
mass,5824,3768,954,748,954,748
mass,5476,3166,510,518,510,518
calcification,4786,2416,697,701,697,685
calcification,5386,2281,185,206,185,206
mass,5608,3960,229,255,229,255
mass,5296,3781,268,256,268,256
calcification,4736,3128,129,113,129,113
mass,5856,3736,648,353,648,353
mass,5776,3720,280,346,280,346
mass,4760,2512,4760,2512,270,254
mass,5281,2476,4595,2155,378,406
mass,6616,3721,487,505,487,505
mass,4456,2864,4456,2864,426,412
mass,4712,2800,292,319,292,319
calcification,5920,3192,233,249,233,249
mass,5760,3776,5760,3776,290,342
calcification,4496,2928,593,516,593,516
calcification,4592,3088,89,105,89,105
calcification,5592,4008,145,257,145,257
calcification,6024,4144,249,249,249,249
mass,4744,2912,4744,2912,319,321
calcification,5056,2761,5056,2761,549,637
calcification,4568,2920,289,265,287,265
calcification,4501,2011,265,129,265,129
calcification,4756,2626,565,525,565,525
calcification,4400,3104,1417,897,1417,897
calcification,4306,2176,169,201,169,201
mass,4704,2672,4704,2672,327,251
calcification,4560,3024,209,209,209,209
mass,5936,3560,190,214,190,214
mass,6691,4081,485,513,485,513
mass,6286,3346,360,339,360,339
calcification,6871,3511,193,209,193,209
calcification,6721,3376,441,305,441,305
mass,4704,2784,408,426,408,426
calcification,4616,2992,249,273,249,273
mass,5206,2821,245,190,245,190
mass,5864,3528,507,503,507,503
mass,4648,2856,4648,2856,410,378
calcification,6061,3991,1529,969,1529,969
calcification,4464,3024,801,549,801,549
mass,5386,2521,4686,2194,338,287
calcification,5720,4040,457,261,457,93
calcification,6271,2851,441,271,441,271
mass,6031,3286,6031,3286,257,283
mass,6001,3001,5221,2611,288,305
mass,4568,2896,322,338,322,338
mass,5386,3316,341,346,341,346
calcification,5491,2506,273,313,273,313
mass,4568,3296,202,259,202,259
mass,4608,2592,4608,2592,245,210
mass,4616,2952,4616,2952,773,760
calcification,4600,3128,297,361,297,361
calcification,4696,2704,385,369,385,369
mass,5888,3504,5888,3504,382,305
mass,4808,2800,4808,2800,207,225
calcification,4464,3056,137,129,137,129
calcification,4760,2512,857,681,857,681
mass,4640,3112,406,390,406,390
calcification,5712,4080,137,137,137,137
calcification,4568,3120,297,185,297,185
calcification,5491,2851,305,585,305,585
calcification,4216,3040,137,121,137,121
mass,4528,2976,4528,2976,241,294
calcification,5491,2461,569,329,569,329
mass,6736,2956,6736,2956,193,225
mass,4816,2720,4816,2720,257,242
calcification,4568,2920,393,393,393,393
calcification,6346,4876,305,401,305,401
mass,4616,2832,4616,2832,227,279
mass,4736,2680,4736,2680,403,357
mass,5371,3076,5371,3076,420,365
calcification,7111,4186,241,326,241,326
